CustomerID,Segment,Cluster_ID,Recency,Frequency,Monetary,AvgOrderValue,RetentionRiskCategory
12346,At Risk Valuable,2,326,1,77183.6,77183.6,High Value At-Risk (Urgent Intervention)
15749,At Risk Valuable,2,235,3,44534.3,14844.77,High Value At-Risk (Urgent Intervention)
15098,At Risk Valuable,2,182,3,39916.5,13305.5,High Value At-Risk (Urgent Intervention)
16180,At Risk Valuable,2,100,8,10254.18,1281.77,High Value At-Risk (Urgent Intervention)
12590,At Risk Valuable,2,211,1,9341.26,9341.26,High Value At-Risk (Urgent Intervention)
13093,At Risk Valuable,2,276,8,7832.47,979.06,High Value At-Risk (Urgent Intervention)
12980,At Risk Valuable,2,158,9,7374.900000000001,819.43,High Value At-Risk (Urgent Intervention)
13027,At Risk Valuable,2,114,6,6912.0,1152.0,High Value At-Risk (Urgent Intervention)
16553,At Risk Valuable,2,163,12,5719.82,476.65,High Value At-Risk (Urgent Intervention)
17850,At Risk Valuable,3,372,34,5391.21,158.56,High Value At-Risk (Urgent Intervention)
15032,At Risk Valuable,2,256,3,4959.1,1653.03,High Value At-Risk (Urgent Intervention)
12688,At Risk Valuable,2,114,1,4873.81,4873.81,High Value At-Risk (Urgent Intervention)
13802,At Risk Valuable,2,139,3,4599.42,1533.14,High Value At-Risk (Urgent Intervention)
14016,At Risk Valuable,2,162,4,4341.21,1085.3,High Value At-Risk (Urgent Intervention)
12378,At Risk Valuable,2,130,1,4008.62,4008.62,High Value At-Risk (Urgent Intervention)
18073,At Risk Valuable,2,114,12,3877.52,323.13,High Value At-Risk (Urgent Intervention)
12755,At Risk Valuable,2,281,2,3811.95,1905.98,High Value At-Risk (Urgent Intervention)
15808,At Risk Valuable,2,306,4,3734.97,933.74,High Value At-Risk (Urgent Intervention)
14364,At Risk Valuable,2,109,8,3717.35,464.67,High Value At-Risk (Urgent Intervention)
15379,At Risk Valuable,2,169,7,3703.29,529.04,High Value At-Risk (Urgent Intervention)
17230,At Risk Valuable,2,264,8,3638.41,454.8,High Value At-Risk (Urgent Intervention)
13082,At Risk Valuable,2,126,9,3613.63,401.51,High Value At-Risk (Urgent Intervention)
17723,At Risk Valuable,2,127,6,3276.4000000000005,546.07,High Value At-Risk (Urgent Intervention)
13952,At Risk Valuable,2,218,2,3251.07,1625.54,High Value At-Risk (Urgent Intervention)
17050,At Risk Valuable,2,96,6,3228.84,538.14,High Value At-Risk (Urgent Intervention)
18087,At Risk Valuable,2,291,1,3202.92,3202.92,High Value At-Risk (Urgent Intervention)
13869,At Risk Valuable,2,123,4,3104.95,776.24,High Value At-Risk (Urgent Intervention)
15491,At Risk Valuable,2,95,6,3100.09,516.68,High Value At-Risk (Urgent Intervention)
14565,At Risk Valuable,2,96,4,3099.12,774.78,High Value At-Risk (Urgent Intervention)
13135,At Risk Valuable,2,197,1,3096.0,3096.0,High Value At-Risk (Urgent Intervention)
13631,At Risk Valuable,2,100,11,3070.42,279.13,High Value At-Risk (Urgent Intervention)
12643,At Risk Valuable,2,128,6,3041.64,506.94,High Value At-Risk (Urgent Intervention)
12754,At Risk Valuable,2,236,3,3010.74,1003.58,High Value At-Risk (Urgent Intervention)
12916,At Risk Valuable,2,139,4,3006.15,751.54,High Value At-Risk (Urgent Intervention)
17504,At Risk Valuable,2,206,9,2997.03,333.0,High Value At-Risk (Urgent Intervention)
12502,At Risk Valuable,2,96,5,2995.87,599.17,High Value At-Risk (Urgent Intervention)
12758,At Risk Valuable,2,117,2,2791.59,1395.8,High Value At-Risk (Urgent Intervention)
12840,At Risk Valuable,2,144,4,2726.77,681.69,High Value At-Risk (Urgent Intervention)
14439,At Risk Valuable,1,320,1,2661.24,2661.24,High Value At-Risk (Urgent Intervention)
13851,At Risk Valuable,2,96,3,2651.46,883.82,High Value At-Risk (Urgent Intervention)
18260,At Risk Valuable,2,173,6,2643.2000000000003,440.53,High Value At-Risk (Urgent Intervention)
16919,At Risk Valuable,2,156,11,2596.45,236.04,High Value At-Risk (Urgent Intervention)
15245,At Risk Valuable,2,134,3,2515.84,838.61,High Value At-Risk (Urgent Intervention)
17722,At Risk Valuable,2,96,4,2424.04,606.01,High Value At-Risk (Urgent Intervention)
12625,At Risk Valuable,2,212,2,2413.82,1206.91,High Value At-Risk (Urgent Intervention)
17444,At Risk Valuable,2,152,2,2389.1,1194.55,High Value At-Risk (Urgent Intervention)
13722,At Risk Valuable,2,132,3,2375.41,791.8,High Value At-Risk (Urgent Intervention)
14930,At Risk Valuable,2,109,3,2372.86,790.95,High Value At-Risk (Urgent Intervention)
16550,At Risk Valuable,2,109,5,2298.97,459.79,High Value At-Risk (Urgent Intervention)
15704,At Risk Valuable,2,140,4,2293.62,573.4,High Value At-Risk (Urgent Intervention)
15235,At Risk Valuable,2,218,12,2247.51,187.29,High Value At-Risk (Urgent Intervention)
15665,At Risk Valuable,2,168,2,2242.01,1121.01,High Value At-Risk (Urgent Intervention)
12653,At Risk Valuable,2,149,2,2209.85,1104.92,High Value At-Risk (Urgent Intervention)
17406,At Risk Valuable,2,333,3,2200.42,733.47,High Value At-Risk (Urgent Intervention)
15797,At Risk Valuable,2,113,3,2192.4,730.8,High Value At-Risk (Urgent Intervention)
16456,At Risk Valuable,2,99,5,2158.37,431.67,High Value At-Risk (Urgent Intervention)
14407,At Risk Valuable,2,107,5,2142.73,428.55,High Value At-Risk (Urgent Intervention)
14828,At Risk Valuable,2,197,3,2139.76,713.25,High Value At-Risk (Urgent Intervention)
17400,At Risk Valuable,2,126,5,2129.96,425.99,High Value At-Risk (Urgent Intervention)
18093,At Risk Valuable,2,93,4,2106.52,526.63,High Value At-Risk (Urgent Intervention)
14461,At Risk Valuable,2,148,3,2102.67,700.89,High Value At-Risk (Urgent Intervention)
18231,At Risk Valuable,2,192,5,2083.27,416.65,High Value At-Risk (Urgent Intervention)
17597,At Risk Valuable,1,214,1,2044.37,2044.37,High Value At-Risk (Urgent Intervention)
13593,At Risk Valuable,2,108,5,2037.08,407.42,High Value At-Risk (Urgent Intervention)
17337,At Risk Valuable,2,151,4,2026.42,506.6,High Value At-Risk (Urgent Intervention)
12501,At Risk Valuable,1,337,1,2025.39,2025.39,High Value At-Risk (Urgent Intervention)
15372,At Risk Valuable,2,137,1,2007.4,2007.4,High Value At-Risk (Urgent Intervention)
16754,At Risk Valuable,1,372,1,2002.4,2002.4,High Value At-Risk (Urgent Intervention)
16698,At Risk Valuable,2,227,2,1998.0,999.0,High Value At-Risk (Urgent Intervention)
12853,At Risk Valuable,2,135,6,1957.1,326.18,High Value At-Risk (Urgent Intervention)
14472,At Risk Valuable,2,104,8,1936.84,242.1,High Value At-Risk (Urgent Intervention)
14210,At Risk Valuable,2,106,6,1905.84,317.64,High Value At-Risk (Urgent Intervention)
15641,At Risk Valuable,2,105,4,1887.2,471.8,High Value At-Risk (Urgent Intervention)
17787,At Risk Valuable,2,153,4,1865.19,466.3,High Value At-Risk (Urgent Intervention)
14459,At Risk Valuable,1,155,1,1837.92,1837.92,High Value At-Risk (Urgent Intervention)
16152,At Risk Valuable,1,269,1,1829.04,1829.04,High Value At-Risk (Urgent Intervention)
12585,At Risk Valuable,2,234,2,1824.1,912.05,High Value At-Risk (Urgent Intervention)
15260,At Risk Valuable,2,100,7,1810.77,258.68,High Value At-Risk (Urgent Intervention)
15812,At Risk Valuable,2,107,5,1801.14,360.23,High Value At-Risk (Urgent Intervention)
14935,At Risk Valuable,1,297,1,1784.71,1784.71,High Value At-Risk (Urgent Intervention)
12424,At Risk Valuable,2,163,2,1760.96,880.48,High Value At-Risk (Urgent Intervention)
17353,At Risk Valuable,2,129,2,1740.0,870.0,High Value At-Risk (Urgent Intervention)
17457,At Risk Valuable,2,127,5,1737.7,347.54,High Value At-Risk (Urgent Intervention)
16902,At Risk Valuable,2,116,1,1706.88,1706.88,High Value At-Risk (Urgent Intervention)
16398,At Risk Valuable,2,154,2,1705.8,852.9,High Value At-Risk (Urgent Intervention)
17282,At Risk Valuable,2,130,3,1703.41,567.8,High Value At-Risk (Urgent Intervention)
12764,At Risk Valuable,1,317,1,1693.88,1693.88,High Value At-Risk (Urgent Intervention)
14245,At Risk Valuable,2,220,2,1693.45,846.72,High Value At-Risk (Urgent Intervention)
17152,At Risk Valuable,2,195,3,1689.5,563.17,High Value At-Risk (Urgent Intervention)
13162,At Risk Valuable,2,122,4,1688.29,422.07,High Value At-Risk (Urgent Intervention)
15332,At Risk Valuable,2,366,4,1661.06,415.26,High Value At-Risk (Urgent Intervention)
12967,At Risk Valuable,2,358,2,1660.9,830.45,High Value At-Risk (Urgent Intervention)
14045,At Risk Valuable,2,109,4,1659.75,414.94,High Value At-Risk (Urgent Intervention)
14573,At Risk Valuable,2,180,9,1653.42,183.71,High Value At-Risk (Urgent Intervention)
15002,At Risk Valuable,2,116,4,1641.76,410.44,High Value At-Risk (Urgent Intervention)
15122,At Risk Valuable,2,114,3,1633.78,544.59,High Value At-Risk (Urgent Intervention)
12383,At Risk Valuable,2,185,5,1628.56,325.71,High Value At-Risk (Urgent Intervention)
13425,At Risk Valuable,2,108,3,1624.21,541.4,High Value At-Risk (Urgent Intervention)
16801,At Risk Valuable,2,163,4,1619.73,404.93,High Value At-Risk (Urgent Intervention)
14918,At Risk Valuable,2,116,2,1610.15,805.08,High Value At-Risk (Urgent Intervention)
12868,At Risk Valuable,2,186,6,1607.0600000000002,267.84,High Value At-Risk (Urgent Intervention)
12947,At Risk Valuable,2,144,6,1603.99,267.33,High Value At-Risk (Urgent Intervention)
13850,At Risk Valuable,1,129,1,1595.48,1595.48,High Value At-Risk (Urgent Intervention)
18178,At Risk Valuable,2,129,4,1590.81,397.7,High Value At-Risk (Urgent Intervention)
14442,At Risk Valuable,2,205,2,1589.82,794.91,High Value At-Risk (Urgent Intervention)
13814,At Risk Valuable,2,92,2,1579.12,789.56,High Value At-Risk (Urgent Intervention)
16889,At Risk Valuable,2,195,3,1578.67,526.22,High Value At-Risk (Urgent Intervention)
13659,At Risk Valuable,2,206,2,1573.2,786.6,High Value At-Risk (Urgent Intervention)
17085,At Risk Valuable,2,123,5,1566.65,313.33,High Value At-Risk (Urgent Intervention)
17204,At Risk Valuable,2,175,4,1564.56,391.14,High Value At-Risk (Urgent Intervention)
18239,At Risk Valuable,2,219,5,1561.61,312.32,High Value At-Risk (Urgent Intervention)
12377,At Risk Valuable,2,315,2,1548.12,774.06,High Value At-Risk (Urgent Intervention)
15625,At Risk Valuable,2,104,4,1534.26,383.56,High Value At-Risk (Urgent Intervention)
16244,At Risk Valuable,2,212,2,1522.75,761.38,High Value At-Risk (Urgent Intervention)
14267,At Risk Valuable,2,163,3,1516.24,505.41,High Value At-Risk (Urgent Intervention)
13791,At Risk Valuable,2,128,2,1516.0,758.0,High Value At-Risk (Urgent Intervention)
15265,At Risk Valuable,2,151,2,1506.12,753.06,High Value At-Risk (Urgent Intervention)
14414,At Risk Valuable,2,92,7,1496.98,213.85,High Value At-Risk (Urgent Intervention)
16755,At Risk Valuable,2,114,3,1496.83,498.94,High Value At-Risk (Urgent Intervention)
15057,At Risk Valuable,2,275,2,1489.5,744.75,High Value At-Risk (Urgent Intervention)
17553,At Risk Valuable,1,130,1,1487.6,1487.6,High Value At-Risk (Urgent Intervention)
14758,At Risk Valuable,2,145,4,1484.06,371.02,High Value At-Risk (Urgent Intervention)
14403,At Risk Valuable,2,130,4,1475.81,368.95,High Value At-Risk (Urgent Intervention)
14246,At Risk Valuable,2,111,3,1474.06,491.35,High Value At-Risk (Urgent Intervention)
14875,At Risk Valuable,2,108,2,1465.3200000000002,732.66,High Value At-Risk (Urgent Intervention)
14740,At Risk Valuable,2,197,3,1448.21,482.74,High Value At-Risk (Urgent Intervention)
14566,At Risk Valuable,1,111,1,1432.0,1432.0,High Value At-Risk (Urgent Intervention)
16503,At Risk Valuable,2,107,4,1431.93,357.98,High Value At-Risk (Urgent Intervention)
13475,At Risk Valuable,2,191,4,1431.78,357.94,High Value At-Risk (Urgent Intervention)
12669,At Risk Valuable,2,151,2,1427.73,713.86,High Value At-Risk (Urgent Intervention)
15596,At Risk Valuable,2,101,5,1406.59,281.32,High Value At-Risk (Urgent Intervention)
17083,At Risk Valuable,2,109,3,1405.78,468.59,High Value At-Risk (Urgent Intervention)
18202,At Risk Valuable,2,200,3,1396.99,465.66,High Value At-Risk (Urgent Intervention)
13414,At Risk Valuable,2,134,3,1390.5,463.5,High Value At-Risk (Urgent Intervention)
12405,At Risk Valuable,1,149,1,1390.39,1390.39,High Value At-Risk (Urgent Intervention)
13572,At Risk Valuable,1,206,1,1384.25,1384.25,High Value At-Risk (Urgent Intervention)
15569,At Risk Valuable,2,104,5,1375.71,275.14,High Value At-Risk (Urgent Intervention)
15095,At Risk Valuable,2,104,4,1370.6,342.65,High Value At-Risk (Urgent Intervention)
12770,At Risk Valuable,1,211,1,1351.45,1351.45,High Value At-Risk (Urgent Intervention)
14154,At Risk Valuable,2,239,2,1345.62,672.81,High Value At-Risk (Urgent Intervention)
16317,At Risk Valuable,2,120,3,1341.65,447.22,High Value At-Risk (Urgent Intervention)
16045,At Risk Valuable,2,120,4,1340.7,335.18,High Value At-Risk (Urgent Intervention)
13501,At Risk Valuable,1,288,1,1340.32,1340.32,High Value At-Risk (Urgent Intervention)
15734,At Risk Valuable,2,115,2,1339.45,669.72,High Value At-Risk (Urgent Intervention)
15146,At Risk Valuable,2,165,2,1327.16,663.58,High Value At-Risk (Urgent Intervention)
16083,At Risk Valuable,2,101,2,1317.62,658.81,High Value At-Risk (Urgent Intervention)
14973,At Risk Valuable,2,107,3,1314.45,438.15,High Value At-Risk (Urgent Intervention)
13328,At Risk Valuable,1,316,1,1308.48,1308.48,High Value At-Risk (Urgent Intervention)
15813,At Risk Valuable,2,208,2,1303.91,651.95,High Value At-Risk (Urgent Intervention)
15171,At Risk Valuable,1,331,1,1289.5,1289.5,High Value At-Risk (Urgent Intervention)
16951,At Risk Valuable,2,135,3,1277.75,425.92,High Value At-Risk (Urgent Intervention)
14669,At Risk Valuable,2,242,3,1269.99,423.33,High Value At-Risk (Urgent Intervention)
13492,At Risk Valuable,2,136,3,1269.84,423.28,High Value At-Risk (Urgent Intervention)
14105,At Risk Valuable,1,239,1,1266.23,1266.23,High Value At-Risk (Urgent Intervention)
16842,At Risk Valuable,2,101,3,1264.19,421.4,High Value At-Risk (Urgent Intervention)
13151,At Risk Valuable,1,296,1,1257.87,1257.87,High Value At-Risk (Urgent Intervention)
13848,At Risk Valuable,2,92,3,1255.0,418.33,High Value At-Risk (Urgent Intervention)
15004,At Risk Valuable,1,147,1,1245.93,1245.93,High Value At-Risk (Urgent Intervention)
17588,At Risk Valuable,2,100,3,1240.2,413.4,High Value At-Risk (Urgent Intervention)
13476,At Risk Valuable,2,179,2,1238.47,619.24,High Value At-Risk (Urgent Intervention)
13931,At Risk Valuable,2,96,2,1237.53,618.76,High Value At-Risk (Urgent Intervention)
17774,At Risk Valuable,2,97,4,1225.41,306.35,High Value At-Risk (Urgent Intervention)
14745,At Risk Valuable,2,113,5,1220.26,244.05,High Value At-Risk (Urgent Intervention)
13158,At Risk Valuable,2,95,4,1201.06,300.26,High Value At-Risk (Urgent Intervention)
17320,At Risk Valuable,2,100,3,1200.62,400.21,High Value At-Risk (Urgent Intervention)
13564,At Risk Valuable,1,354,2,1198.38,599.19,High Value At-Risk (Urgent Intervention)
13752,At Risk Valuable,2,124,6,1186.28,197.71,High Value At-Risk (Urgent Intervention)
12818,At Risk Valuable,1,262,1,1182.0800000000002,1182.08,High Value At-Risk (Urgent Intervention)
18168,At Risk Valuable,2,176,6,1169.94,194.99,High Value At-Risk (Urgent Intervention)
15108,At Risk Valuable,2,142,3,1159.25,386.42,High Value At-Risk (Urgent Intervention)
13744,At Risk Valuable,2,95,2,1156.36,578.18,High Value At-Risk (Urgent Intervention)
16714,At Risk Valuable,1,317,2,1146.53,573.26,High Value At-Risk (Urgent Intervention)
17505,At Risk Valuable,2,162,2,1145.84,572.92,High Value At-Risk (Urgent Intervention)
16766,At Risk Valuable,1,273,2,1145.6,572.8,High Value At-Risk (Urgent Intervention)
12769,At Risk Valuable,1,239,1,1143.6,1143.6,High Value At-Risk (Urgent Intervention)
17770,At Risk Valuable,2,199,5,1143.27,228.65,High Value At-Risk (Urgent Intervention)
15985,At Risk Valuable,2,123,2,1142.42,571.21,High Value At-Risk (Urgent Intervention)
16270,At Risk Valuable,1,353,1,1141.24,1141.24,High Value At-Risk (Urgent Intervention)
13330,At Risk Valuable,2,93,3,1140.93,380.31,High Value At-Risk (Urgent Intervention)
13819,At Risk Valuable,2,302,3,1140.35,380.12,High Value At-Risk (Urgent Intervention)
16172,At Risk Valuable,2,95,5,1140.21,228.04,High Value At-Risk (Urgent Intervention)
17242,At Risk Valuable,2,108,2,1135.04,567.52,High Value At-Risk (Urgent Intervention)
17585,At Risk Valuable,2,109,4,1133.07,283.27,High Value At-Risk (Urgent Intervention)
16692,At Risk Valuable,1,256,2,1126.0,563.0,High Value At-Risk (Urgent Intervention)
16807,At Risk Valuable,2,143,3,1121.59,373.86,High Value At-Risk (Urgent Intervention)
14276,At Risk Valuable,2,99,3,1119.74,373.25,High Value At-Risk (Urgent Intervention)
15716,At Risk Valuable,2,146,4,1118.81,279.7,High Value At-Risk (Urgent Intervention)
14161,At Risk Valuable,2,216,3,1110.52,370.17,High Value At-Risk (Urgent Intervention)
14817,At Risk Valuable,1,200,2,1110.34,555.17,High Value At-Risk (Urgent Intervention)
15069,At Risk Valuable,1,179,1,1109.53,1109.53,High Value At-Risk (Urgent Intervention)
12857,At Risk Valuable,1,211,2,1106.4,553.2,High Value At-Risk (Urgent Intervention)
14410,At Risk Valuable,2,92,9,1104.07,122.67,High Value At-Risk (Urgent Intervention)
12354,At Risk Valuable,1,232,1,1079.4,1079.4,High Value At-Risk (Urgent Intervention)
13715,At Risk Valuable,2,281,5,1079.34,215.87,High Value At-Risk (Urgent Intervention)
16980,At Risk Valuable,1,255,2,1078.96,539.48,High Value At-Risk (Urgent Intervention)
14352,At Risk Valuable,2,157,4,1078.96,269.74,High Value At-Risk (Urgent Intervention)
17277,At Risk Valuable,1,228,2,1065.35,532.68,High Value At-Risk (Urgent Intervention)
14411,At Risk Valuable,1,311,1,1063.0,1063.0,High Value At-Risk (Urgent Intervention)
16214,At Risk Valuable,2,171,3,1062.75,354.25,High Value At-Risk (Urgent Intervention)
14465,At Risk Valuable,2,247,3,1058.62,352.87,High Value At-Risk (Urgent Intervention)
12507,At Risk Valuable,2,134,3,1052.81,350.94,High Value At-Risk (Urgent Intervention)
14224,At Risk Valuable,2,110,4,1050.12,262.53,High Value At-Risk (Urgent Intervention)
14078,At Risk Valuable,2,102,6,1049.37,174.9,High Value At-Risk (Urgent Intervention)
15464,At Risk Valuable,1,338,1,1048.85,1048.85,High Value At-Risk (Urgent Intervention)
15777,At Risk Valuable,2,241,4,1047.11,261.78,High Value At-Risk (Urgent Intervention)
16520,At Risk Valuable,2,186,3,1046.57,348.86,High Value At-Risk (Urgent Intervention)
15192,At Risk Valuable,2,120,3,1044.32,348.11,High Value At-Risk (Urgent Intervention)
14584,At Risk Valuable,2,169,4,1042.26,260.56,High Value At-Risk (Urgent Intervention)
16320,At Risk Valuable,1,172,2,1038.46,519.23,High Value At-Risk (Urgent Intervention)
16175,At Risk Valuable,2,94,4,1037.59,259.4,High Value At-Risk (Urgent Intervention)
12399,At Risk Valuable,2,119,4,1033.65,258.41,High Value At-Risk (Urgent Intervention)
13235,At Risk Valuable,1,212,1,1031.07,1031.07,High Value At-Risk (Urgent Intervention)
13253,At Risk Valuable,2,157,2,1030.4,515.2,High Value At-Risk (Urgent Intervention)
15333,At Risk Valuable,1,208,1,1028.56,1028.56,High Value At-Risk (Urgent Intervention)
15104,At Risk Valuable,1,197,2,1027.44,513.72,High Value At-Risk (Urgent Intervention)
15658,At Risk Valuable,2,190,5,1024.1,204.82,High Value At-Risk (Urgent Intervention)
12710,At Risk Valuable,2,97,3,1023.02,341.01,High Value At-Risk (Urgent Intervention)
14346,At Risk Valuable,2,121,2,1021.58,510.79,High Value At-Risk (Urgent Intervention)
13376,At Risk Valuable,2,99,3,1019.76,339.92,High Value At-Risk (Urgent Intervention)
18142,At Risk Valuable,1,157,2,1019.52,509.76,High Value At-Risk (Urgent Intervention)
12514,At Risk Valuable,1,267,1,1017.68,1017.68,High Value At-Risk (Urgent Intervention)
14195,At Risk Valuable,1,202,2,1012.0,506.0,High Value At-Risk (Urgent Intervention)
16572,At Risk Valuable,2,127,3,1009.6,336.53,High Value At-Risk (Urgent Intervention)
16174,At Risk Valuable,2,126,3,1009.55,336.52,High Value At-Risk (Urgent Intervention)
17646,At Risk Valuable,2,219,3,1008.39,336.13,High Value At-Risk (Urgent Intervention)
17126,At Risk Valuable,2,152,5,1004.75,200.95,High Value At-Risk (Urgent Intervention)
15508,At Risk Valuable,2,189,6,1000.27,166.71,High Value At-Risk (Urgent Intervention)
18143,At Risk Valuable,2,117,2,1000.16,500.08,High Value At-Risk (Urgent Intervention)
14223,At Risk Valuable,2,92,3,991.13,330.38,High Value At-Risk (Urgent Intervention)
15133,At Risk Valuable,2,128,3,982.42,327.47,High Value At-Risk (Urgent Intervention)
15071,At Risk Valuable,2,94,2,982.07,491.04,High Value At-Risk (Urgent Intervention)
12534,At Risk Valuable,1,131,1,981.18,981.18,High Value At-Risk (Urgent Intervention)
14920,At Risk Valuable,1,213,2,977.77,488.88,High Value At-Risk (Urgent Intervention)
12739,At Risk Valuable,1,99,1,975.54,975.54,High Value At-Risk (Urgent Intervention)
16419,At Risk Valuable,2,113,6,972.23,162.04,High Value At-Risk (Urgent Intervention)
14256,At Risk Valuable,1,260,2,969.06,484.53,High Value At-Risk (Urgent Intervention)
14006,At Risk Valuable,2,116,3,962.19,320.73,High Value At-Risk (Urgent Intervention)
13748,At Risk Valuable,2,96,5,948.25,189.65,High Value At-Risk (Urgent Intervention)
13261,At Risk Valuable,1,269,2,944.1,472.05,High Value At-Risk (Urgent Intervention)
16027,At Risk Valuable,2,92,6,934.62,155.77,High Value At-Risk (Urgent Intervention)
14081,At Risk Valuable,1,302,2,934.52,467.26,High Value At-Risk (Urgent Intervention)
13655,At Risk Valuable,2,114,2,932.97,466.48,High Value At-Risk (Urgent Intervention)
14532,At Risk Valuable,2,236,4,932.85,233.21,High Value At-Risk (Urgent Intervention)
18133,At Risk Valuable,1,212,1,931.5,931.5,High Value At-Risk (Urgent Intervention)
17048,At Risk Valuable,2,118,3,925.35,308.45,High Value At-Risk (Urgent Intervention)
16551,At Risk Valuable,2,96,3,922.12,307.37,High Value At-Risk (Urgent Intervention)
15079,At Risk Valuable,2,213,4,895.61,223.9,High Value At-Risk (Urgent Intervention)
14344,At Risk Valuable,2,127,8,889.9300000000001,111.24,High Value At-Risk (Urgent Intervention)
16037,At Risk Valuable,1,270,3,855.02,285.01,High Value At-Risk (Urgent Intervention)
17560,At Risk Valuable,2,95,4,854.95,213.74,High Value At-Risk (Urgent Intervention)
16092,At Risk Valuable,2,115,3,817.86,272.62,High Value At-Risk (Urgent Intervention)
16943,At Risk Valuable,2,212,3,816.73,272.24,High Value At-Risk (Urgent Intervention)
15644,At Risk Valuable,2,166,4,813.0,203.25,High Value At-Risk (Urgent Intervention)
17980,At Risk Valuable,2,166,3,811.45,270.48,High Value At-Risk (Urgent Intervention)
13720,At Risk Valuable,2,117,4,799.9,199.98,High Value At-Risk (Urgent Intervention)
17341,At Risk Valuable,2,157,3,781.36,260.45,High Value At-Risk (Urgent Intervention)
16725,At Risk Valuable,2,302,6,779.57,129.93,High Value At-Risk (Urgent Intervention)
16806,At Risk Valuable,2,103,4,775.54,193.88,High Value At-Risk (Urgent Intervention)
17268,At Risk Valuable,2,108,4,763.64,190.91,High Value At-Risk (Urgent Intervention)
17146,At Risk Valuable,2,106,3,749.78,249.93,High Value At-Risk (Urgent Intervention)
16146,At Risk Valuable,2,157,3,734.13,244.71,High Value At-Risk (Urgent Intervention)
17692,At Risk Valuable,2,127,4,725.5799999999999,181.4,High Value At-Risk (Urgent Intervention)
15581,At Risk Valuable,2,156,10,721.63,72.16,High Value At-Risk (Urgent Intervention)
18062,At Risk Valuable,2,173,3,720.52,240.17,High Value At-Risk (Urgent Intervention)
15400,At Risk Valuable,2,92,5,716.2,143.24,High Value At-Risk (Urgent Intervention)
15855,At Risk Valuable,2,137,5,712.24,142.45,High Value At-Risk (Urgent Intervention)
12693,At Risk Valuable,2,127,4,711.91,177.98,High Value At-Risk (Urgent Intervention)
17179,At Risk Valuable,2,178,3,711.79,237.26,High Value At-Risk (Urgent Intervention)
17472,At Risk Valuable,1,191,3,710.29,236.76,High Value At-Risk (Urgent Intervention)
15574,At Risk Valuable,2,178,4,702.25,175.56,High Value At-Risk (Urgent Intervention)
16997,At Risk Valuable,1,288,3,702.0,234.0,High Value At-Risk (Urgent Intervention)
17874,At Risk Valuable,2,185,6,683.46,113.91,High Value At-Risk (Urgent Intervention)
17994,At Risk Valuable,2,122,4,678.49,169.62,High Value At-Risk (Urgent Intervention)
13925,At Risk Valuable,2,93,4,678.25,169.56,High Value At-Risk (Urgent Intervention)
13963,At Risk Valuable,1,308,4,664.54,166.14,High Value At-Risk (Urgent Intervention)
16696,At Risk Valuable,2,135,4,657.9000000000001,164.48,High Value At-Risk (Urgent Intervention)
17398,At Risk Valuable,2,115,3,653.38,217.79,High Value At-Risk (Urgent Intervention)
13240,At Risk Valuable,2,96,4,648.7,162.18,High Value At-Risk (Urgent Intervention)
17312,At Risk Valuable,2,139,3,644.3,214.77,High Value At-Risk (Urgent Intervention)
16431,At Risk Valuable,1,213,3,642.81,214.27,High Value At-Risk (Urgent Intervention)
16306,At Risk Valuable,2,214,6,632.27,105.38,High Value At-Risk (Urgent Intervention)
17990,At Risk Valuable,1,237,3,630.84,210.28,High Value At-Risk (Urgent Intervention)
17460,At Risk Valuable,2,94,6,622.4300000000001,103.74,High Value At-Risk (Urgent Intervention)
15768,At Risk Valuable,2,116,3,621.8299999999999,207.28,High Value At-Risk (Urgent Intervention)
17849,At Risk Valuable,2,218,4,605.8000000000001,151.45,High Value At-Risk (Urgent Intervention)
16654,At Risk Valuable,2,141,4,601.27,150.32,High Value At-Risk (Urgent Intervention)
13301,At Risk Valuable,2,104,4,600.19,150.05,High Value At-Risk (Urgent Intervention)
14692,At Risk Valuable,2,137,4,591.55,147.89,High Value At-Risk (Urgent Intervention)
15624,At Risk Valuable,2,117,4,588.13,147.03,High Value At-Risk (Urgent Intervention)
14176,At Risk Valuable,1,297,4,576.9000000000001,144.23,High Value At-Risk (Urgent Intervention)
17616,At Risk Valuable,1,174,3,571.1999999999999,190.4,High Value At-Risk (Urgent Intervention)
17897,At Risk Valuable,1,173,3,566.6,188.87,High Value At-Risk (Urgent Intervention)
17955,At Risk Valuable,2,199,4,557.3,139.32,High Value At-Risk (Urgent Intervention)
16927,At Risk Valuable,1,116,3,543.05,181.02,High Value At-Risk (Urgent Intervention)
15535,At Risk Valuable,2,173,4,536.4,134.1,High Value At-Risk (Urgent Intervention)
17062,At Risk Valuable,1,314,4,533.33,133.33,High Value At-Risk (Urgent Intervention)
17429,At Risk Valuable,1,128,3,524.9200000000001,174.97,High Value At-Risk (Urgent Intervention)
16955,At Risk Valuable,2,185,4,518.67,129.67,High Value At-Risk (Urgent Intervention)
17454,At Risk Valuable,2,192,4,517.53,129.38,High Value At-Risk (Urgent Intervention)
15882,At Risk Valuable,1,199,4,514.08,128.52,High Value At-Risk (Urgent Intervention)
15881,At Risk Valuable,1,312,5,501.39,100.28,High Value At-Risk (Urgent Intervention)
12601,At Risk Valuable,2,190,5,487.06,97.41,High Value At-Risk (Urgent Intervention)
15780,At Risk Valuable,1,184,3,475.28,158.43,High Value At-Risk (Urgent Intervention)
13489,At Risk Valuable,2,105,4,449.52,112.38,High Value At-Risk (Urgent Intervention)
16034,At Risk Valuable,1,196,3,437.7,145.9,High Value At-Risk (Urgent Intervention)
16948,At Risk Valuable,1,139,3,435.02,145.01,High Value At-Risk (Urgent Intervention)
16324,At Risk Valuable,1,128,3,428.68,142.89,High Value At-Risk (Urgent Intervention)
17869,At Risk Valuable,2,107,5,428.18,85.64,High Value At-Risk (Urgent Intervention)
16816,At Risk Valuable,2,103,4,417.06,104.26,High Value At-Risk (Urgent Intervention)
16010,At Risk Valuable,1,246,3,407.5,135.83,High Value At-Risk (Urgent Intervention)
15938,At Risk Valuable,2,112,5,404.58,80.92,High Value At-Risk (Urgent Intervention)
17375,At Risk Valuable,1,199,3,400.1,133.37,High Value At-Risk (Urgent Intervention)
17765,At Risk Valuable,1,159,3,371.88,123.96,High Value At-Risk (Urgent Intervention)
16378,At Risk Valuable,1,247,3,362.95,120.98,High Value At-Risk (Urgent Intervention)
12845,At Risk Valuable,1,267,4,354.09,88.52,High Value At-Risk (Urgent Intervention)
17045,At Risk Valuable,1,113,3,339.44,113.15,High Value At-Risk (Urgent Intervention)
17615,At Risk Valuable,1,130,3,329.6,109.87,High Value At-Risk (Urgent Intervention)
15107,At Risk Valuable,1,311,6,319.5,53.25,High Value At-Risk (Urgent Intervention)
16473,At Risk Valuable,1,165,3,316.11,105.37,High Value At-Risk (Urgent Intervention)
17912,At Risk Valuable,1,310,5,311.01,62.2,High Value At-Risk (Urgent Intervention)
16998,At Risk Valuable,1,150,4,295.0,73.75,High Value At-Risk (Urgent Intervention)
17550,At Risk Valuable,1,197,3,267.16,89.05,High Value At-Risk (Urgent Intervention)
16226,At Risk Valuable,1,203,3,255.12,85.04,High Value At-Risk (Urgent Intervention)
15759,At Risk Valuable,1,218,3,253.04,84.35,High Value At-Risk (Urgent Intervention)
15483,At Risk Valuable,1,161,4,233.81,58.45,High Value At-Risk (Urgent Intervention)
17580,At Risk Valuable,1,253,3,212.77,70.92,High Value At-Risk (Urgent Intervention)
16356,At Risk Valuable,1,198,3,211.77,70.59,High Value At-Risk (Urgent Intervention)
16866,At Risk Valuable,1,141,3,207.74,69.25,High Value At-Risk (Urgent Intervention)
16832,At Risk Valuable,1,184,3,199.15,66.38,High Value At-Risk (Urgent Intervention)
16112,At Risk Valuable,1,143,4,195.74,48.93,High Value At-Risk (Urgent Intervention)
17440,At Risk Valuable,1,157,3,186.42,62.14,High Value At-Risk (Urgent Intervention)
15920,At Risk Valuable,1,154,3,163.55,54.52,High Value At-Risk (Urgent Intervention)
18037,At Risk Valuable,1,154,6,70.02,11.67,High Value At-Risk (Urgent Intervention)
